{
  "rollout_sample_anna_001.npz": {
    "timesteps": 60.0,
    "reward_sum": -12.0,
    "reward_mean": -0.20000000298023224,
    "log_prob_mean": -1.3847196102142334,
    "value_pred_last": 0.01467277854681015,
    "rivalry_max_mean": 0.8935834169387817,
    "rivalry_max_max": 0.9900000095367432,
    "rivalry_avoid_count_mean": 1.8166667222976685,
    "rivalry_avoid_count_max": 2.0,
    "lateness_mean": 0.0,
    "action_nonzero": 2.0,
    "action_total": 60.0,
    "action_entropy": 0.6931471805599453,
    "action_request_count": 30.0,
    "action_unknown_count": 30.0,
    "action_blocked_ratio": 0.0
  },
  "rollout_sample_ben_002.npz": {
    "timesteps": 60.0,
    "reward_sum": -12.0,
    "reward_mean": -0.20000000298023224,
    "log_prob_mean": -1.3611592054367065,
    "value_pred_last": -0.005170222371816635,
    "rivalry_max_mean": 0.8461666703224182,
    "rivalry_max_max": 0.9900000095367432,
    "rivalry_avoid_count_mean": 0.8999999761581421,
    "rivalry_avoid_count_max": 1.0,
    "lateness_mean": 0.0,
    "action_nonzero": 3.0,
    "action_total": 60.0,
    "action_entropy": 1.0986122886681096,
    "action_request_count": 40.0,
    "action_wait_count": 20.0,
    "action_blocked_ratio": 0.3333333333333333
  },
  "rollout_sample_cara_003.npz": {
    "timesteps": 60.0,
    "reward_sum": -12.0,
    "reward_mean": -0.20000000298023224,
    "log_prob_mean": -1.3787378072738647,
    "value_pred_last": 0.001133754849433899,
    "rivalry_max_mean": 0.893000066280365,
    "rivalry_max_max": 0.9900000095367432,
    "rivalry_avoid_count_mean": 0.9166666865348816,
    "rivalry_avoid_count_max": 1.0,
    "lateness_mean": 0.0,
    "action_nonzero": 2.0,
    "action_total": 60.0,
    "action_entropy": 0.6365141682948128,
    "action_request_count": 20.0,
    "action_wait_count": 40.0,
    "action_blocked_ratio": 0.0
  }
}