{
  "employment_punctuality": {
    "rollout_sample_dawn_001.npz": {
      "action_blocked_ratio": 0.0,
      "action_entropy": 0.6853142072764582,
      "action_nonzero": 2.0,
      "action_request_count": 45.0,
      "action_total": 80.0,
      "action_unknown_count": 35.0,
      "lateness_mean": 0.887499988079071,
      "log_prob_mean": -1.0233815908432007,
      "reward_mean": -0.20000001788139343,
      "reward_sum": -16.000001907348633,
      "rivalry_avoid_count_max": 1.0,
      "rivalry_avoid_count_mean": 0.8500000238418579,
      "rivalry_max_max": 0.9800000190734863,
      "rivalry_max_mean": 0.8524376153945923,
      "timesteps": 80.0,
      "value_pred_last": -0.03193243592977524
    },
    "rollout_sample_erin_002.npz": {
      "action_blocked_ratio": 0.0,
      "action_entropy": 0.11690684913753106,
      "action_nonzero": 2.0,
      "action_request_count": 78.0,
      "action_total": 80.0,
      "action_wait_count": 2.0,
      "lateness_mean": 0.887499988079071,
      "log_prob_mean": -1.0547422170639038,
      "reward_mean": -0.20000001788139343,
      "reward_sum": -16.000001907348633,
      "rivalry_avoid_count_max": 1.0,
      "rivalry_avoid_count_mean": 0.8500000238418579,
      "rivalry_max_max": 0.9800000190734863,
      "rivalry_max_mean": 0.8524376153945923,
      "timesteps": 80.0,
      "value_pred_last": -0.03720990940928459
    }
  },
  "kitchen_breakfast": {
    "rollout_sample_alice_001.npz": {
      "action_blocked_ratio": 0.0,
      "action_entropy": -0.0,
      "action_nonzero": 1.0,
      "action_request_count": 40.0,
      "action_total": 40.0,
      "lateness_mean": 0.0,
      "log_prob_mean": -0.6707960367202759,
      "reward_mean": -0.20000000298023224,
      "reward_sum": -8.0,
      "rivalry_avoid_count_max": 0.0,
      "rivalry_avoid_count_mean": 0.0,
      "rivalry_max_max": 0.0,
      "rivalry_max_mean": 0.0,
      "timesteps": 40.0,
      "value_pred_last": 0.06924818456172943
    },
    "rollout_sample_bob_002.npz": {
      "action_blocked_ratio": 0.0,
      "action_entropy": 0.11690684913753106,
      "action_nonzero": 2.0,
      "action_request_count": 39.0,
      "action_total": 40.0,
      "action_wait_count": 1.0,
      "lateness_mean": 0.0,
      "log_prob_mean": -0.6808087229728699,
      "reward_mean": -0.20000000298023224,
      "reward_sum": -8.0,
      "rivalry_avoid_count_max": 0.0,
      "rivalry_avoid_count_mean": 0.0,
      "rivalry_max_max": 0.0,
      "rivalry_max_mean": 0.0,
      "timesteps": 40.0,
      "value_pred_last": 0.09764218330383301
    }
  },
  "observation_baseline": {
    "rollout_sample_iris_001.npz": {
      "action_blocked_ratio": 0.0,
      "action_entropy": -0.0,
      "action_nonzero": 1.0,
      "action_total": 20.0,
      "action_wait_count": 20.0,
      "lateness_mean": 0.0,
      "log_prob_mean": 0.0,
      "reward_mean": -0.20000000298023224,
      "reward_sum": -4.0,
      "rivalry_avoid_count_max": 0.0,
      "rivalry_avoid_count_mean": 0.0,
      "rivalry_max_max": 0.0,
      "rivalry_max_mean": 0.0,
      "timesteps": 20.0,
      "value_pred_last": 0.013921573758125305
    }
  },
  "queue_conflict": {
    "rollout_sample_anna_001.npz": {
      "action_blocked_ratio": 0.0,
      "action_entropy": 1.1001149808820403,
      "action_move_count": 15.0,
      "action_nonzero": 4.0,
      "action_total": 80.0,
      "action_unknown_count": 65.0,
      "lateness_mean": 0.0,
      "log_prob_mean": -1.8993984460830688,
      "reward_mean": -0.20000001788139343,
      "reward_sum": -16.000001907348633,
      "rivalry_avoid_count_max": 2.0,
      "rivalry_avoid_count_mean": 0.4375,
      "rivalry_max_max": 0.9900000095367432,
      "rivalry_max_mean": 0.257750004529953,
      "timesteps": 80.0,
      "value_pred_last": -0.01166306808590889
    },
    "rollout_sample_ben_002.npz": {
      "action_blocked_ratio": 0.0,
      "action_entropy": 1.7426397016134285,
      "action_move_count": 15.0,
      "action_nonzero": 6.0,
      "action_total": 80.0,
      "action_unknown_count": 65.0,
      "lateness_mean": 0.0,
      "log_prob_mean": -1.8905465602874756,
      "reward_mean": -0.20000001788139343,
      "reward_sum": -16.000001907348633,
      "rivalry_avoid_count_max": 2.0,
      "rivalry_avoid_count_mean": 0.625,
      "rivalry_max_max": 0.9900000095367432,
      "rivalry_max_mean": 0.4011250138282776,
      "timesteps": 80.0,
      "value_pred_last": -0.00961756706237793
    },
    "rollout_sample_cara_003.npz": {
      "action_blocked_ratio": 0.0,
      "action_entropy": 1.7426397016134285,
      "action_move_count": 15.0,
      "action_nonzero": 6.0,
      "action_total": 80.0,
      "action_unknown_count": 65.0,
      "lateness_mean": 0.0,
      "log_prob_mean": -1.8840382099151611,
      "reward_mean": -0.20000001788139343,
      "reward_sum": -16.000001907348633,
      "rivalry_avoid_count_max": 2.0,
      "rivalry_avoid_count_mean": 0.612500011920929,
      "rivalry_max_max": 0.9900000095367432,
      "rivalry_max_mean": 0.39649999141693115,
      "timesteps": 80.0,
      "value_pred_last": -0.008956309407949448
    }
  },
  "rivalry_decay": {
    "rollout_sample_finn_001.npz": {
      "action_blocked_ratio": 0.0,
      "action_entropy": -0.0,
      "action_nonzero": 1.0,
      "action_request_count": 50.0,
      "action_total": 50.0,
      "lateness_mean": 0.0,
      "log_prob_mean": -0.6582887768745422,
      "reward_mean": -0.20000000298023224,
      "reward_sum": -10.0,
      "rivalry_avoid_count_max": 1.0,
      "rivalry_avoid_count_mean": 0.8600000143051147,
      "rivalry_max_max": 0.949999988079071,
      "rivalry_max_mean": 0.843000054359436,
      "timesteps": 50.0,
      "value_pred_last": 0.07199309766292572
    },
    "rollout_sample_gina_002.npz": {
      "action_blocked_ratio": 1.0,
      "action_entropy": -0.0,
      "action_nonzero": 1.0,
      "action_request_count": 50.0,
      "action_total": 50.0,
      "lateness_mean": 0.0,
      "log_prob_mean": -0.7052042484283447,
      "reward_mean": -0.20000000298023224,
      "reward_sum": -10.0,
      "rivalry_avoid_count_max": 1.0,
      "rivalry_avoid_count_mean": 0.8600000143051147,
      "rivalry_max_max": 0.949999988079071,
      "rivalry_max_mean": 0.843000054359436,
      "timesteps": 50.0,
      "value_pred_last": 0.09568886458873749
    }
  }
}