{
  "employment_punctuality": {
    "rollout_sample_dawn_001.npz": {
      "action_blocked_ratio": 0.0,
      "action_entropy": 0.6853142072764582,
      "action_nonzero": 2.0,
      "action_request_count": 45.0,
      "action_total": 80.0,
      "action_unknown_count": 35.0,
      "lateness_mean": 0.887499988079071,
      "log_prob_mean": -0.9961296319961548,
      "reward_mean": -0.20000001788139343,
      "reward_sum": -16.000001907348633,
      "rivalry_avoid_count_max": 1.0,
      "rivalry_avoid_count_mean": 0.8500000238418579,
      "rivalry_max_max": 0.9800000190734863,
      "rivalry_max_mean": 0.8524376153945923,
      "timesteps": 80.0,
      "value_pred_last": -0.03182946890592575
    },
    "rollout_sample_erin_002.npz": {
      "action_blocked_ratio": 0.0,
      "action_entropy": 0.11690684913753106,
      "action_nonzero": 2.0,
      "action_request_count": 78.0,
      "action_total": 80.0,
      "action_wait_count": 2.0,
      "lateness_mean": 0.887499988079071,
      "log_prob_mean": -0.9607240557670593,
      "reward_mean": -0.20000001788139343,
      "reward_sum": -16.000001907348633,
      "rivalry_avoid_count_max": 1.0,
      "rivalry_avoid_count_mean": 0.8500000238418579,
      "rivalry_max_max": 0.9800000190734863,
      "rivalry_max_mean": 0.8524376153945923,
      "timesteps": 80.0,
      "value_pred_last": -0.03649083152413368
    }
  },
  "kitchen_breakfast": {
    "rollout_sample_alice_001.npz": {
      "action_blocked_ratio": 0.0,
      "action_entropy": -0.0,
      "action_nonzero": 1.0,
      "action_request_count": 40.0,
      "action_total": 40.0,
      "lateness_mean": 0.0,
      "log_prob_mean": -0.6470524072647095,
      "reward_mean": -0.20000000298023224,
      "reward_sum": -8.0,
      "rivalry_avoid_count_max": 0.0,
      "rivalry_avoid_count_mean": 0.0,
      "rivalry_max_max": 0.0,
      "rivalry_max_mean": 0.0,
      "timesteps": 40.0,
      "value_pred_last": -0.06858248263597488
    },
    "rollout_sample_bob_002.npz": {
      "action_blocked_ratio": 0.0,
      "action_entropy": 0.11690684913753106,
      "action_nonzero": 2.0,
      "action_request_count": 39.0,
      "action_total": 40.0,
      "action_wait_count": 1.0,
      "lateness_mean": 0.0,
      "log_prob_mean": -0.6461664438247681,
      "reward_mean": -0.20000000298023224,
      "reward_sum": -8.0,
      "rivalry_avoid_count_max": 0.0,
      "rivalry_avoid_count_mean": 0.0,
      "rivalry_max_max": 0.0,
      "rivalry_max_mean": 0.0,
      "timesteps": 40.0,
      "value_pred_last": -0.06462588906288147
    }
  },
  "observation_baseline": {
    "rollout_sample_iris_001.npz": {
      "action_blocked_ratio": 0.0,
      "action_entropy": -0.0,
      "action_nonzero": 1.0,
      "action_total": 20.0,
      "action_wait_count": 20.0,
      "lateness_mean": 0.0,
      "log_prob_mean": 0.0,
      "reward_mean": -0.20000000298023224,
      "reward_sum": -4.0,
      "rivalry_avoid_count_max": 0.0,
      "rivalry_avoid_count_mean": 0.0,
      "rivalry_max_max": 0.0,
      "rivalry_max_mean": 0.0,
      "timesteps": 20.0,
      "value_pred_last": -0.0010576862841844559
    }
  },
  "queue_conflict": {
    "rollout_sample_anna_001.npz": {
      "action_blocked_ratio": 0.0,
      "action_entropy": 1.1001149808820403,
      "action_move_count": 15.0,
      "action_nonzero": 4.0,
      "action_total": 80.0,
      "action_unknown_count": 65.0,
      "lateness_mean": 0.0,
      "log_prob_mean": -1.8670278787612915,
      "reward_mean": -0.20000001788139343,
      "reward_sum": -16.000001907348633,
      "rivalry_avoid_count_max": 2.0,
      "rivalry_avoid_count_mean": 0.4375,
      "rivalry_max_max": 0.9900000095367432,
      "rivalry_max_mean": 0.257750004529953,
      "timesteps": 80.0,
      "value_pred_last": -0.017392318695783615
    },
    "rollout_sample_ben_002.npz": {
      "action_blocked_ratio": 0.0,
      "action_entropy": 1.7426397016134285,
      "action_move_count": 15.0,
      "action_nonzero": 6.0,
      "action_total": 80.0,
      "action_unknown_count": 65.0,
      "lateness_mean": 0.0,
      "log_prob_mean": -1.8749282360076904,
      "reward_mean": -0.20000001788139343,
      "reward_sum": -16.000001907348633,
      "rivalry_avoid_count_max": 2.0,
      "rivalry_avoid_count_mean": 0.625,
      "rivalry_max_max": 0.9900000095367432,
      "rivalry_max_mean": 0.4011250138282776,
      "timesteps": 80.0,
      "value_pred_last": -0.024866027757525444
    },
    "rollout_sample_cara_003.npz": {
      "action_blocked_ratio": 0.0,
      "action_entropy": 1.7426397016134285,
      "action_move_count": 15.0,
      "action_nonzero": 6.0,
      "action_total": 80.0,
      "action_unknown_count": 65.0,
      "lateness_mean": 0.0,
      "log_prob_mean": -1.8680922985076904,
      "reward_mean": -0.20000001788139343,
      "reward_sum": -16.000001907348633,
      "rivalry_avoid_count_max": 2.0,
      "rivalry_avoid_count_mean": 0.612500011920929,
      "rivalry_max_max": 0.9900000095367432,
      "rivalry_max_mean": 0.39649999141693115,
      "timesteps": 80.0,
      "value_pred_last": -0.022203709930181503
    }
  },
  "rivalry_decay": {
    "rollout_sample_finn_001.npz": {
      "action_blocked_ratio": 0.0,
      "action_entropy": -0.0,
      "action_nonzero": 1.0,
      "action_request_count": 50.0,
      "action_total": 50.0,
      "lateness_mean": 0.0,
      "log_prob_mean": -0.6611168384552002,
      "reward_mean": -0.20000000298023224,
      "reward_sum": -10.0,
      "rivalry_avoid_count_max": 1.0,
      "rivalry_avoid_count_mean": 0.8600000143051147,
      "rivalry_max_max": 0.949999988079071,
      "rivalry_max_mean": 0.843000054359436,
      "timesteps": 50.0,
      "value_pred_last": -0.08927659690380096
    },
    "rollout_sample_gina_002.npz": {
      "action_blocked_ratio": 1.0,
      "action_entropy": -0.0,
      "action_nonzero": 1.0,
      "action_request_count": 50.0,
      "action_total": 50.0,
      "lateness_mean": 0.0,
      "log_prob_mean": -0.7334266901016235,
      "reward_mean": -0.20000000298023224,
      "reward_sum": -10.0,
      "rivalry_avoid_count_max": 1.0,
      "rivalry_avoid_count_mean": 0.8600000143051147,
      "rivalry_max_max": 0.949999988079071,
      "rivalry_max_mean": 0.843000054359436,
      "timesteps": 50.0,
      "value_pred_last": -0.05223717540502548
    }
  }
}