{
  "employment_punctuality": {
    "rollout_sample_dawn_001.npz": {
      "action_blocked_ratio": 0.0,
      "action_entropy": 0.6931471805599453,
      "action_nonzero": 2.0,
      "action_request_count": 40.0,
      "action_total": 80.0,
      "action_unknown_count": 40.0,
      "lateness_mean": 0.887499988079071,
      "log_prob_mean": -1.0648198127746582,
      "reward_mean": -0.20000001788139343,
      "reward_sum": -16.000001907348633,
      "rivalry_avoid_count_max": 1.0,
      "rivalry_avoid_count_mean": 0.8500000238418579,
      "rivalry_max_max": 0.9800000190734863,
      "rivalry_max_mean": 0.8524376153945923,
      "timesteps": 80.0,
      "value_pred_last": -0.03182946890592575
    },
    "rollout_sample_erin_002.npz": {
      "action_blocked_ratio": 0.0,
      "action_entropy": 0.6305810283860147,
      "action_nonzero": 2.0,
      "action_request_count": 26.0,
      "action_total": 80.0,
      "action_wait_count": 54.0,
      "lateness_mean": 0.887499988079071,
      "log_prob_mean": -1.1103016138076782,
      "reward_mean": -0.20000001788139343,
      "reward_sum": -16.000001907348633,
      "rivalry_avoid_count_max": 1.0,
      "rivalry_avoid_count_mean": 0.8500000238418579,
      "rivalry_max_max": 0.9800000190734863,
      "rivalry_max_mean": 0.8524376153945923,
      "timesteps": 80.0,
      "value_pred_last": -0.028428224846720695
    }
  },
  "kitchen_breakfast": {
    "rollout_sample_alice_001.npz": {
      "action_blocked_ratio": 0.0,
      "action_entropy": 1.0979923063985968,
      "action_nonzero": 3.0,
      "action_request_count": 14.0,
      "action_total": 40.0,
      "action_unknown_count": 13.0,
      "action_wait_count": 13.0,
      "lateness_mean": 0.0,
      "log_prob_mean": -1.088201880455017,
      "reward_mean": -0.20000000298023224,
      "reward_sum": -8.0,
      "rivalry_avoid_count_max": 0.0,
      "rivalry_avoid_count_mean": 0.0,
      "rivalry_max_max": 0.0,
      "rivalry_max_mean": 0.0,
      "timesteps": 40.0,
      "value_pred_last": -0.03268614411354065
    },
    "rollout_sample_bob_002.npz": {
      "action_blocked_ratio": 0.0,
      "action_entropy": 1.0979923063985968,
      "action_nonzero": 3.0,
      "action_request_count": 13.0,
      "action_total": 40.0,
      "action_unknown_count": 13.0,
      "action_wait_count": 14.0,
      "lateness_mean": 0.0,
      "log_prob_mean": -1.0907756090164185,
      "reward_mean": -0.20000000298023224,
      "reward_sum": -8.0,
      "rivalry_avoid_count_max": 0.0,
      "rivalry_avoid_count_mean": 0.0,
      "rivalry_max_max": 0.0,
      "rivalry_max_mean": 0.0,
      "timesteps": 40.0,
      "value_pred_last": -0.029911231249570847
    }
  },
  "observation_baseline": {
    "rollout_sample_iris_001.npz": {
      "action_blocked_ratio": 0.0,
      "action_entropy": -0.0,
      "action_nonzero": 1.0,
      "action_total": 20.0,
      "action_wait_count": 20.0,
      "lateness_mean": 0.0,
      "log_prob_mean": 0.0,
      "reward_mean": -0.20000000298023224,
      "reward_sum": -4.0,
      "rivalry_avoid_count_max": 0.0,
      "rivalry_avoid_count_mean": 0.0,
      "rivalry_max_max": 0.0,
      "rivalry_max_mean": 0.0,
      "timesteps": 20.0,
      "value_pred_last": -0.0010576862841844559
    }
  },
  "queue_conflict": {
    "rollout_sample_anna_001.npz": {
      "action_blocked_ratio": 0.0,
      "action_entropy": 1.5658666532765602,
      "action_move_count": 14.0,
      "action_nonzero": 5.0,
      "action_total": 80.0,
      "action_unknown_count": 66.0,
      "lateness_mean": 0.0,
      "log_prob_mean": -2.190385103225708,
      "reward_mean": -0.20000001788139343,
      "reward_sum": -16.000001907348633,
      "rivalry_avoid_count_max": 1.0,
      "rivalry_avoid_count_mean": 0.5874999761581421,
      "rivalry_max_max": 0.9900000095367432,
      "rivalry_max_mean": 0.49524998664855957,
      "timesteps": 80.0,
      "value_pred_last": -0.01408928632736206
    },
    "rollout_sample_ben_002.npz": {
      "action_blocked_ratio": 0.0,
      "action_entropy": 1.9449762422301777,
      "action_move_count": 12.0,
      "action_nonzero": 7.0,
      "action_total": 80.0,
      "action_unknown_count": 68.0,
      "lateness_mean": 0.0,
      "log_prob_mean": -2.1776516437530518,
      "reward_mean": -0.20000001788139343,
      "reward_sum": -16.000001907348633,
      "rivalry_avoid_count_max": 2.0,
      "rivalry_avoid_count_mean": 1.537500023841858,
      "rivalry_max_max": 0.9900000095367432,
      "rivalry_max_mean": 0.8921249508857727,
      "timesteps": 80.0,
      "value_pred_last": -0.026528572663664818
    },
    "rollout_sample_cara_003.npz": {
      "action_blocked_ratio": 0.0,
      "action_entropy": 1.9449762422301777,
      "action_move_count": 12.0,
      "action_nonzero": 7.0,
      "action_total": 80.0,
      "action_unknown_count": 68.0,
      "lateness_mean": 0.0,
      "log_prob_mean": -2.172567367553711,
      "reward_mean": -0.20000001788139343,
      "reward_sum": -16.000001907348633,
      "rivalry_avoid_count_max": 1.0,
      "rivalry_avoid_count_mean": 0.949999988079071,
      "rivalry_max_max": 0.9900000095367432,
      "rivalry_max_mean": 0.8891249895095825,
      "timesteps": 80.0,
      "value_pred_last": -0.005024803802371025
    }
  },
  "rivalry_decay": {
    "rollout_sample_finn_001.npz": {
      "action_blocked_ratio": 0.0,
      "action_entropy": 1.098209540353189,
      "action_nonzero": 3.0,
      "action_request_count": 17.0,
      "action_total": 50.0,
      "action_unknown_count": 33.0,
      "lateness_mean": 0.0,
      "log_prob_mean": -1.3600490093231201,
      "reward_mean": -0.20000000298023224,
      "reward_sum": -10.0,
      "rivalry_avoid_count_max": 1.0,
      "rivalry_avoid_count_mean": 0.8600000143051147,
      "rivalry_max_max": 0.949999988079071,
      "rivalry_max_mean": 0.8069999814033508,
      "timesteps": 50.0,
      "value_pred_last": 0.046534404158592224
    },
    "rollout_sample_gina_002.npz": {
      "action_blocked_ratio": 0.34,
      "action_entropy": 1.098209540353189,
      "action_nonzero": 3.0,
      "action_request_count": 34.0,
      "action_total": 50.0,
      "action_unknown_count": 16.0,
      "lateness_mean": 0.0,
      "log_prob_mean": -1.3527274131774902,
      "reward_mean": -0.20000000298023224,
      "reward_sum": -10.0,
      "rivalry_avoid_count_max": 1.0,
      "rivalry_avoid_count_mean": 0.8600000143051147,
      "rivalry_max_max": 0.949999988079071,
      "rivalry_max_mean": 0.8069999814033508,
      "timesteps": 50.0,
      "value_pred_last": 0.02795618399977684
    }
  }
}
