{
  "kitchen_breakfast": {
    "rollout_sample_alice_001.npz": {
      "timesteps": 40,
      "reward_sum": -8.00000011920929,
      "reward_mean": -0.20000000298023224,
      "log_prob_mean": -0.6707960650324821
    },
    "rollout_sample_bob_002.npz": {
      "timesteps": 40,
      "reward_sum": -8.00000011920929,
      "reward_mean": -0.20000000298023224,
      "log_prob_mean": -0.6808087289333343
    }
  },
  "queue_conflict": {
    "rollout_sample_anna_001.npz": {
      "timesteps": 80,
      "reward_sum": -16.00000023841858,
      "reward_mean": -0.20000000298023224,
      "log_prob_mean": -1.8967590540647508
    },
    "rollout_sample_ben_002.npz": {
      "timesteps": 80,
      "reward_sum": -16.00000023841858,
      "reward_mean": -0.20000000298023224,
      "log_prob_mean": -1.9161511838436127
    },
    "rollout_sample_cara_003.npz": {
      "timesteps": 80,
      "reward_sum": -16.00000023841858,
      "reward_mean": -0.20000000298023224,
      "log_prob_mean": -1.9095555901527406
    }
  },
  "employment_punctuality": {
    "rollout_sample_dawn_001.npz": {
      "timesteps": 80,
      "reward_sum": -16.00000023841858,
      "reward_mean": -0.20000000298023224,
      "log_prob_mean": -1.0233815610408783
    },
    "rollout_sample_erin_002.npz": {
      "timesteps": 80,
      "reward_sum": -16.00000023841858,
      "reward_mean": -0.20000000298023224,
      "log_prob_mean": -1.0547422908246518
    }
  },
  "rivalry_decay": {
    "rollout_sample_finn_001.npz": {
      "timesteps": 50,
      "reward_sum": -10.000000149011612,
      "reward_mean": -0.20000000298023224,
      "log_prob_mean": -0.6591313564777375
    },
    "rollout_sample_gina_002.npz": {
      "timesteps": 50,
      "reward_sum": -10.000000149011612,
      "reward_mean": -0.20000000298023224,
      "log_prob_mean": -0.6975134325027466
    }
  },
  "observation_baseline": {
    "rollout_sample_iris_001.npz": {
      "timesteps": 20,
      "reward_sum": -4.000000059604645,
      "reward_mean": -0.20000000298023224,
      "log_prob_mean": 0.0
    }
  }
}
