{
  "employment_punctuality": {
    "rollout_sample_dawn_001.npz": {
      "timesteps": 80.0,
      "reward_sum": -16.000001907348633,
      "reward_mean": -0.20000001788139343,
      "log_prob_mean": -1.1203922033309937,
      "value_pred_last": 0.00805988721549511,
      "rivalry_max_mean": 0.7485625147819519,
      "rivalry_max_max": 0.9800000190734863,
      "rivalry_avoid_count_mean": 0.7124999761581421,
      "rivalry_avoid_count_max": 1.0,
      "lateness_mean": 0.887499988079071,
      "action_nonzero": 2.0,
      "action_total": 80.0,
      "action_entropy": 0.6931471805599453,
      "action_request_count": 40.0,
      "action_unknown_count": 40.0,
      "action_blocked_ratio": 0.0
    },
    "rollout_sample_erin_002.npz": {
      "timesteps": 80.0,
      "reward_sum": -16.000001907348633,
      "reward_mean": -0.20000001788139343,
      "log_prob_mean": -1.0652387142181396,
      "value_pred_last": 0.00943978875875473,
      "rivalry_max_mean": 0.7485625147819519,
      "rivalry_max_max": 0.9800000190734863,
      "rivalry_avoid_count_mean": 0.7124999761581421,
      "rivalry_avoid_count_max": 1.0,
      "lateness_mean": 0.887499988079071,
      "action_nonzero": 2.0,
      "action_total": 80.0,
      "action_entropy": 0.6305810283860147,
      "action_request_count": 26.0,
      "action_wait_count": 54.0,
      "action_blocked_ratio": 0.0
    }
  },
  "rivalry_decay": {
    "rollout_sample_finn_001.npz": {
      "timesteps": 50.0,
      "reward_sum": -10.0,
      "reward_mean": -0.20000000298023224,
      "log_prob_mean": -1.3712782859802246,
      "value_pred_last": 0.005614141002297401,
      "rivalry_max_mean": 0.840999960899353,
      "rivalry_max_max": 0.949999988079071,
      "rivalry_avoid_count_mean": 0.8799999952316284,
      "rivalry_avoid_count_max": 1.0,
      "lateness_mean": 0.0,
      "action_nonzero": 3.0,
      "action_total": 50.0,
      "action_entropy": 1.098209540353189,
      "action_request_count": 17.0,
      "action_unknown_count": 33.0,
      "action_blocked_ratio": 0.0
    },
    "rollout_sample_gina_002.npz": {
      "timesteps": 50.0,
      "reward_sum": -10.0,
      "reward_mean": -0.20000000298023224,
      "log_prob_mean": -1.3515592813491821,
      "value_pred_last": 0.00035476312041282654,
      "rivalry_max_mean": 0.840999960899353,
      "rivalry_max_max": 0.949999988079071,
      "rivalry_avoid_count_mean": 0.8799999952316284,
      "rivalry_avoid_count_max": 1.0,
      "lateness_mean": 0.0,
      "action_nonzero": 3.0,
      "action_total": 50.0,
      "action_entropy": 1.098209540353189,
      "action_request_count": 34.0,
      "action_unknown_count": 16.0,
      "action_blocked_ratio": 0.34
    }
  },
  "kitchen_breakfast": {
    "rollout_sample_alice_001.npz": {
      "timesteps": 40.0,
      "reward_sum": -8.0,
      "reward_mean": -0.20000000298023224,
      "log_prob_mean": -1.0879290103912354,
      "value_pred_last": -0.01130486000329256,
      "rivalry_max_mean": 0.0,
      "rivalry_max_max": 0.0,
      "rivalry_avoid_count_mean": 0.0,
      "rivalry_avoid_count_max": 0.0,
      "lateness_mean": 0.0,
      "action_nonzero": 3.0,
      "action_total": 40.0,
      "action_entropy": 1.0979923063985968,
      "action_request_count": 14.0,
      "action_wait_count": 13.0,
      "action_unknown_count": 13.0,
      "action_blocked_ratio": 0.0
    },
    "rollout_sample_bob_002.npz": {
      "timesteps": 40.0,
      "reward_sum": -8.0,
      "reward_mean": -0.20000000298023224,
      "log_prob_mean": -1.0900474786758423,
      "value_pred_last": -0.019766811281442642,
      "rivalry_max_mean": 0.0,
      "rivalry_max_max": 0.0,
      "rivalry_avoid_count_mean": 0.0,
      "rivalry_avoid_count_max": 0.0,
      "lateness_mean": 0.0,
      "action_nonzero": 3.0,
      "action_total": 40.0,
      "action_entropy": 1.0979923063985968,
      "action_request_count": 13.0,
      "action_wait_count": 14.0,
      "action_unknown_count": 13.0,
      "action_blocked_ratio": 0.0
    }
  },
  "queue_conflict": {
    "rollout_sample_anna_001.npz": {
      "timesteps": 60.0,
      "reward_sum": -12.0,
      "reward_mean": -0.20000000298023224,
      "log_prob_mean": -1.3847196102142334,
      "value_pred_last": 0.01467277854681015,
      "rivalry_max_mean": 0.8935834169387817,
      "rivalry_max_max": 0.9900000095367432,
      "rivalry_avoid_count_mean": 1.8166667222976685,
      "rivalry_avoid_count_max": 2.0,
      "lateness_mean": 0.0,
      "action_nonzero": 2.0,
      "action_total": 60.0,
      "action_entropy": 0.6931471805599453,
      "action_request_count": 30.0,
      "action_unknown_count": 30.0,
      "action_blocked_ratio": 0.0
    },
    "rollout_sample_ben_002.npz": {
      "timesteps": 60.0,
      "reward_sum": -12.0,
      "reward_mean": -0.20000000298023224,
      "log_prob_mean": -1.3611592054367065,
      "value_pred_last": -0.005170222371816635,
      "rivalry_max_mean": 0.8461666703224182,
      "rivalry_max_max": 0.9900000095367432,
      "rivalry_avoid_count_mean": 0.8999999761581421,
      "rivalry_avoid_count_max": 1.0,
      "lateness_mean": 0.0,
      "action_nonzero": 3.0,
      "action_total": 60.0,
      "action_entropy": 1.0986122886681096,
      "action_request_count": 40.0,
      "action_wait_count": 20.0,
      "action_blocked_ratio": 0.3333333333333333
    },
    "rollout_sample_cara_003.npz": {
      "timesteps": 60.0,
      "reward_sum": -12.0,
      "reward_mean": -0.20000000298023224,
      "log_prob_mean": -1.3787378072738647,
      "value_pred_last": 0.001133754849433899,
      "rivalry_max_mean": 0.893000066280365,
      "rivalry_max_max": 0.9900000095367432,
      "rivalry_avoid_count_mean": 0.9166666865348816,
      "rivalry_avoid_count_max": 1.0,
      "lateness_mean": 0.0,
      "action_nonzero": 2.0,
      "action_total": 60.0,
      "action_entropy": 0.6365141682948128,
      "action_request_count": 20.0,
      "action_wait_count": 40.0,
      "action_blocked_ratio": 0.0
    }
  },
  "observation_baseline": {
    "rollout_sample_iris_001.npz": {
      "timesteps": 20.0,
      "reward_sum": -4.0,
      "reward_mean": -0.20000000298023224,
      "log_prob_mean": 0.0,
      "value_pred_last": -0.014604676514863968,
      "rivalry_max_mean": 0.0,
      "rivalry_max_max": 0.0,
      "rivalry_avoid_count_mean": 0.0,
      "rivalry_avoid_count_max": 0.0,
      "lateness_mean": 0.0,
      "action_nonzero": 1.0,
      "action_total": 20.0,
      "action_entropy": -0.0,
      "action_wait_count": 20.0,
      "action_blocked_ratio": 0.0
    }
  }
}