{
  "affordance_ms": {
    "10": 0.053239986300468445,
    "30": 0.08574989624321461,
    "60": 0.18310209270566702
  },
  "employment_ms": {
    "10": 0.31720404513180256,
    "30": 0.8047559531405568,
    "60": 0.6681609665974975
  }
}